cell,U_over_D,T_over_D,branch,Z_pole,basin,category,evidence_type,optimizer_message,reason,resnorm
bethe_mg3_Rnative,0.9,0.001,insul-down,1.0000034134076653e-10,insulator,failed_branch,R_native_continuation,`gtol` termination condition is satisfied.,"residual above 3e-3 physical floor (recorded, not synthesized)",0.003475411079841996
bethe_mg3_Rnative,0.8,0.001,insul-down,1.0000034134078115e-10,insulator,failed_branch,R_native_continuation,`gtol` termination condition is satisfied.,"residual above 3e-3 physical floor (recorded, not synthesized)",0.005035754737885596
bethe_mg3_Rnative,0.7,0.001,insul-down,1.0000034134050691e-10,insulator,failed_branch,R_native_continuation,`gtol` termination condition is satisfied.,"residual above 3e-3 physical floor (recorded, not synthesized)",0.0065828143691831825
bethe_mg3_Rnative,0.6,0.001,insul-down,1.0000034134057248e-10,insulator,failed_branch,R_native_continuation,`gtol` termination condition is satisfied.,"residual above 3e-3 physical floor (recorded, not synthesized)",0.007958138813190298
bethe_mg3_Rnative,0.5,0.001,insul-down,1.0000034134061973e-10,insulator,failed_branch,R_native_continuation,`gtol` termination condition is satisfied.,"residual above 3e-3 physical floor (recorded, not synthesized)",0.009244553292267177
bethe_mg3_Rnative,0.9,0.002,insul-down,1.0000034134085347e-10,insulator,failed_branch,R_native_continuation,`gtol` termination condition is satisfied.,"residual above 3e-3 physical floor (recorded, not synthesized)",0.0034754110775698063
bethe_mg3_Rnative,0.8,0.002,insul-down,1.0000034134082209e-10,insulator,failed_branch,R_native_continuation,`gtol` termination condition is satisfied.,"residual above 3e-3 physical floor (recorded, not synthesized)",0.0050357547365023
bethe_mg3_Rnative,0.7,0.002,insul-down,1.0000034134138649e-10,insulator,failed_branch,R_native_continuation,`gtol` termination condition is satisfied.,"residual above 3e-3 physical floor (recorded, not synthesized)",0.006582814370305087
bethe_mg3_Rnative,0.6,0.002,insul-down,1.0000034134068517e-10,insulator,failed_branch,R_native_continuation,`gtol` termination condition is satisfied.,"residual above 3e-3 physical floor (recorded, not synthesized)",0.0079581410946918
bethe_mg3_Rnative,0.5,0.002,insul-down,1.0000034134054405e-10,insulator,failed_branch,R_native_continuation,`gtol` termination condition is satisfied.,"residual above 3e-3 physical floor (recorded, not synthesized)",0.009244553292266637
bethe_mg3_Rnative,0.9,0.003,insul-down,3.056472852259983e-10,insulator,failed_branch,R_native_continuation,`gtol` termination condition is satisfied.,"residual above 3e-3 physical floor (recorded, not synthesized)",0.0034754962681042573
bethe_mg3_Rnative,0.8,0.003,insul-down,1.000003413406057e-10,insulator,failed_branch,R_native_continuation,`gtol` termination condition is satisfied.,"residual above 3e-3 physical floor (recorded, not synthesized)",0.005035754736991443
bethe_mg3_Rnative,0.7,0.003,insul-down,1.0000034134061041e-10,insulator,failed_branch,R_native_continuation,`gtol` termination condition is satisfied.,"residual above 3e-3 physical floor (recorded, not synthesized)",0.006582814370743006
bethe_mg3_Rnative,0.6,0.003,insul-down,1.000003413408747e-10,insulator,failed_branch,R_native_continuation,`gtol` termination condition is satisfied.,"residual above 3e-3 physical floor (recorded, not synthesized)",0.007958141471814761
bethe_mg3_Rnative,0.5,0.003,insul-down,1.0000034134139719e-10,insulator,failed_branch,R_native_continuation,`gtol` termination condition is satisfied.,"residual above 3e-3 physical floor (recorded, not synthesized)",0.009244553297638349
bethe_mg3_Rnative,0.9,0.004,insul-down,1.0000034134067101e-10,insulator,failed_branch,R_native_continuation,`gtol` termination condition is satisfied.,"residual above 3e-3 physical floor (recorded, not synthesized)",0.0034754113879486887
bethe_mg3_Rnative,0.8,0.004,insul-down,1.0000034134063269e-10,insulator,failed_branch,R_native_continuation,`gtol` termination condition is satisfied.,"residual above 3e-3 physical floor (recorded, not synthesized)",0.005035754845583975
bethe_mg3_Rnative,0.7,0.004,insul-down,1.000003413404567e-10,insulator,failed_branch,R_native_continuation,`gtol` termination condition is satisfied.,"residual above 3e-3 physical floor (recorded, not synthesized)",0.0065828143737721966
bethe_mg3_Rnative,0.6,0.004,insul-down,1.0000034134115692e-10,insulator,failed_branch,R_native_continuation,`gtol` termination condition is satisfied.,"residual above 3e-3 physical floor (recorded, not synthesized)",0.007958138813243306
bethe_mg3_Rnative,0.5,0.004,insul-down,1.0000034134102758e-10,insulator,failed_branch,R_native_continuation,`gtol` termination condition is satisfied.,"residual above 3e-3 physical floor (recorded, not synthesized)",0.009244553292267798
bethe_mg3_Rnative,0.9,0.005,insul-down,3.0516966728338576e-10,insulator,failed_branch,R_native_continuation,`gtol` termination condition is satisfied.,"residual above 3e-3 physical floor (recorded, not synthesized)",0.003475503109003753
bethe_mg3_Rnative,0.8,0.005,insul-down,1.0000034134073357e-10,insulator,failed_branch,R_native_continuation,`gtol` termination condition is satisfied.,"residual above 3e-3 physical floor (recorded, not synthesized)",0.005035758280235409
bethe_mg3_Rnative,0.7,0.005,insul-down,1.0000034134055613e-10,insulator,failed_branch,R_native_continuation,`gtol` termination condition is satisfied.,"residual above 3e-3 physical floor (recorded, not synthesized)",0.006582814743007502
bethe_mg3_Rnative,0.6,0.005,insul-down,1.0000034134152143e-10,insulator,failed_branch,R_native_continuation,`gtol` termination condition is satisfied.,"residual above 3e-3 physical floor (recorded, not synthesized)",0.007958138814087402
bethe_mg3_Rnative,0.5,0.005,insul-down,1.0000034134069911e-10,insulator,failed_branch,R_native_continuation,`gtol` termination condition is satisfied.,"residual above 3e-3 physical floor (recorded, not synthesized)",0.009244553292281535
bethe_mg3_Rnative,0.9,0.0065,insul-down,1.0000034134131421e-10,insulator,failed_branch,R_native_continuation,`gtol` termination condition is satisfied.,"residual above 3e-3 physical floor (recorded, not synthesized)",0.0034755814360856955
bethe_mg3_Rnative,0.8,0.0065,insul-down,1.0000034134076764e-10,insulator,failed_branch,R_native_continuation,`gtol` termination condition is satisfied.,"residual above 3e-3 physical floor (recorded, not synthesized)",0.005035848740486016
bethe_mg3_Rnative,0.7,0.0065,insul-down,1.000003413412734e-10,insulator,failed_branch,R_native_continuation,`gtol` termination condition is satisfied.,"residual above 3e-3 physical floor (recorded, not synthesized)",0.006582830909134563
bethe_mg3_Rnative,0.6,0.0065,insul-down,1.0000034134055883e-10,insulator,failed_branch,R_native_continuation,`gtol` termination condition is satisfied.,"residual above 3e-3 physical floor (recorded, not synthesized)",0.007958138814153644
bethe_mg3_Rnative,0.5,0.0065,insul-down,1.0000034134091442e-10,insulator,failed_branch,R_native_continuation,`gtol` termination condition is satisfied.,"residual above 3e-3 physical floor (recorded, not synthesized)",0.009244553301227405
bethe_mg3_Rnative,0.9,0.008,insul-down,1.0000034134109246e-10,insulator,failed_branch,R_native_continuation,`gtol` termination condition is satisfied.,"residual above 3e-3 physical floor (recorded, not synthesized)",0.003476643736327163
bethe_mg3_Rnative,0.8,0.008,insul-down,1.0000034134108223e-10,insulator,failed_branch,R_native_continuation,`gtol` termination condition is satisfied.,"residual above 3e-3 physical floor (recorded, not synthesized)",0.005036512546560764
bethe_mg3_Rnative,0.7,0.008,insul-down,1.0000034134110532e-10,insulator,failed_branch,R_native_continuation,`gtol` termination condition is satisfied.,"residual above 3e-3 physical floor (recorded, not synthesized)",0.006582998626024934
bethe_mg3_Rnative,0.6,0.008,insul-down,1.000003413409224e-10,insulator,failed_branch,R_native_continuation,`gtol` termination condition is satisfied.,"residual above 3e-3 physical floor (recorded, not synthesized)",0.007958140977715281
bethe_mg3_Rnative,0.5,0.008,insul-down,1.0000034134083354e-10,insulator,failed_branch,R_native_continuation,`gtol` termination condition is satisfied.,"residual above 3e-3 physical floor (recorded, not synthesized)",0.009244553783110033
bethe_mg3_Rnative,3.9,0.01,metal-up,0.09634724503628951,metal,failed_branch,R_native_continuation,`gtol` termination condition is satisfied.,"residual above 3e-3 physical floor (recorded, not synthesized)",0.003086161634733907
bethe_mg3_Rnative,4.0,0.01,metal-up,0.08952550060410813,metal,failed_branch,R_native_continuation,`gtol` termination condition is satisfied.,"residual above 3e-3 physical floor (recorded, not synthesized)",0.0033772506059947488
bethe_mg3_Rnative,0.9,0.01,insul-down,1.0000034134081748e-10,insulator,failed_branch,R_native_continuation,`gtol` termination condition is satisfied.,"residual above 3e-3 physical floor (recorded, not synthesized)",0.0034823268018191553
bethe_mg3_Rnative,0.8,0.01,insul-down,1.0000034134125839e-10,insulator,failed_branch,R_native_continuation,`gtol` termination condition is satisfied.,"residual above 3e-3 physical floor (recorded, not synthesized)",0.00504041422895337
bethe_mg3_Rnative,0.7,0.01,insul-down,1.0000034134062199e-10,insulator,failed_branch,R_native_continuation,`gtol` termination condition is satisfied.,"residual above 3e-3 physical floor (recorded, not synthesized)",0.006584326502552291
bethe_mg3_Rnative,0.6,0.01,insul-down,1.0000034134083573e-10,insulator,failed_branch,R_native_continuation,`gtol` termination condition is satisfied.,"residual above 3e-3 physical floor (recorded, not synthesized)",0.00795814211959176
bethe_mg3_Rnative,0.5,0.01,insul-down,1.0000034134058316e-10,insulator,failed_branch,R_native_continuation,`gtol` termination condition is satisfied.,"residual above 3e-3 physical floor (recorded, not synthesized)",0.009244571884642684
bethe_mg3_Rnative,3.7,0.015,metal-up,0.13718754236749398,metal,failed_branch,R_native_continuation,`gtol` termination condition is satisfied.,"residual above 3e-3 physical floor (recorded, not synthesized)",0.0032966305495850906
bethe_mg3_Rnative,3.8,0.015,metal-up,0.12680023998006237,metal,failed_branch,R_native_continuation,`gtol` termination condition is satisfied.,"residual above 3e-3 physical floor (recorded, not synthesized)",0.0036410315760805425
bethe_mg3_Rnative,0.9,0.015,insul-down,1.0000034134133781e-10,insulator,failed_branch,R_native_continuation,`gtol` termination condition is satisfied.,"residual above 3e-3 physical floor (recorded, not synthesized)",0.003540543820565152
bethe_mg3_Rnative,0.8,0.015,insul-down,1.0000034134126565e-10,insulator,failed_branch,R_native_continuation,`gtol` termination condition is satisfied.,"residual above 3e-3 physical floor (recorded, not synthesized)",0.005084049716723671
bethe_mg3_Rnative,0.7,0.015,insul-down,1.0000034134061929e-10,insulator,failed_branch,R_native_continuation,`gtol` termination condition is satisfied.,"residual above 3e-3 physical floor (recorded, not synthesized)",0.006604598090284017
bethe_mg3_Rnative,0.6,0.015,insul-down,1.0000034134128534e-10,insulator,failed_branch,R_native_continuation,`gtol` termination condition is satisfied.,"residual above 3e-3 physical floor (recorded, not synthesized)",0.00795876843610633
bethe_mg3_Rnative,0.5,0.015,insul-down,1.00000341340784e-10,insulator,failed_branch,R_native_continuation,`gtol` termination condition is satisfied.,"residual above 3e-3 physical floor (recorded, not synthesized)",0.00924626944464719
bethe_mg3_Rnative,3.45,0.02,metal-up,0.17222174671901636,metal,failed_branch,R_native_continuation,`gtol` termination condition is satisfied.,"residual above 3e-3 physical floor (recorded, not synthesized)",0.003067452384224077
bethe_mg3_Rnative,3.5,0.02,metal-up,0.1626109257297139,metal,failed_branch,R_native_continuation,`gtol` termination condition is satisfied.,"residual above 3e-3 physical floor (recorded, not synthesized)",0.0032617924423927833
bethe_mg3_Rnative,0.9,0.02,insul-down,1.0000034134079863e-10,insulator,failed_branch,R_native_continuation,`gtol` termination condition is satisfied.,"residual above 3e-3 physical floor (recorded, not synthesized)",0.0036667443513732916
bethe_mg3_Rnative,0.8,0.02,insul-down,1.0000034134055905e-10,insulator,failed_branch,R_native_continuation,`gtol` termination condition is satisfied.,"residual above 3e-3 physical floor (recorded, not synthesized)",0.005181064682865777
bethe_mg3_Rnative,0.7,0.02,insul-down,1.0000034134117889e-10,insulator,failed_branch,R_native_continuation,`gtol` termination condition is satisfied.,"residual above 3e-3 physical floor (recorded, not synthesized)",0.006652788471299384
bethe_mg3_Rnative,0.6,0.02,insul-down,1.0000034134086707e-10,insulator,failed_branch,R_native_continuation,`gtol` termination condition is satisfied.,"residual above 3e-3 physical floor (recorded, not synthesized)",0.007967435764323924
bethe_mg3_Rnative,0.5,0.02,insul-down,1.0000034134106524e-10,insulator,failed_branch,R_native_continuation,`gtol` termination condition is satisfied.,"residual above 3e-3 physical floor (recorded, not synthesized)",0.009263145023773865
bethe_mg3_Rnative,0.9,0.025,insul-down,1.0000034134122674e-10,insulator,failed_branch,R_native_continuation,`gtol` termination condition is satisfied.,"residual above 3e-3 physical floor (recorded, not synthesized)",0.0038390527775537297
bethe_mg3_Rnative,0.8,0.025,insul-down,1.0000034134122782e-10,insulator,failed_branch,R_native_continuation,`gtol` termination condition is satisfied.,"residual above 3e-3 physical floor (recorded, not synthesized)",0.005312264017216336
bethe_mg3_Rnative,0.7,0.025,insul-down,1.0000034134089269e-10,insulator,failed_branch,R_native_continuation,`gtol` termination condition is satisfied.,"residual above 3e-3 physical floor (recorded, not synthesized)",0.00670934767468972
bethe_mg3_Rnative,0.6,0.025,insul-down,1.0000034134035733e-10,insulator,failed_branch,R_native_continuation,`gtol` termination condition is satisfied.,"residual above 3e-3 physical floor (recorded, not synthesized)",0.008005905881220623
bethe_mg3_Rnative,0.5,0.025,insul-down,1.0000034134033332e-10,insulator,failed_branch,R_native_continuation,`gtol` termination condition is satisfied.,"residual above 3e-3 physical floor (recorded, not synthesized)",0.009324022387678777
bethe_mg3_Rnative,0.9,0.03,insul-down,1.000003413409941e-10,insulator,failed_branch,R_native_continuation,`gtol` termination condition is satisfied.,"residual above 3e-3 physical floor (recorded, not synthesized)",0.004035917111803768
bethe_mg3_Rnative,0.8,0.03,insul-down,1.0000034134152793e-10,insulator,failed_branch,R_native_continuation,`gtol` termination condition is satisfied.,"residual above 3e-3 physical floor (recorded, not synthesized)",0.005457501811435248
bethe_mg3_Rnative,0.7,0.03,insul-down,1.0000034134123718e-10,insulator,failed_branch,R_native_continuation,`gtol` termination condition is satisfied.,"residual above 3e-3 physical floor (recorded, not synthesized)",0.006783145093086407
bethe_mg3_Rnative,0.6,0.03,insul-down,1.0000034134056903e-10,insulator,failed_branch,R_native_continuation,`gtol` termination condition is satisfied.,"residual above 3e-3 physical floor (recorded, not synthesized)",0.008100572209958056
bethe_mg3_Rnative,0.5,0.03,insul-down,1.0000034134074567e-10,insulator,failed_branch,R_native_continuation,`gtol` termination condition is satisfied.,"residual above 3e-3 physical floor (recorded, not synthesized)",0.009455047042826596
bethe_mg3_Rnative,1.0,0.05,insul-down,1.0000034134092665e-10,insulator,failed_branch,R_native_continuation,`gtol` termination condition is satisfied.,"residual above 3e-3 physical floor (recorded, not synthesized)",0.003537273331217504
bethe_mg3_Rnative,0.9,0.05,insul-down,1.0000034134061252e-10,insulator,failed_branch,R_native_continuation,`gtol` termination condition is satisfied.,"residual above 3e-3 physical floor (recorded, not synthesized)",0.004878516550052636
bethe_mg3_Rnative,0.8,0.05,insul-down,1.0000034134118202e-10,insulator,failed_branch,R_native_continuation,`gtol` termination condition is satisfied.,"residual above 3e-3 physical floor (recorded, not synthesized)",0.006244544523229716
bethe_mg3_Rnative,0.7,0.05,insul-down,1.0000034134114213e-10,insulator,failed_branch,R_native_continuation,`gtol` termination condition is satisfied.,"residual above 3e-3 physical floor (recorded, not synthesized)",0.007652786820235835
bethe_mg3_Rnative,0.6,0.05,insul-down,1.0000034134151616e-10,insulator,failed_branch,R_native_continuation,`gtol` termination condition is satisfied.,"residual above 3e-3 physical floor (recorded, not synthesized)",0.009112795572571006
bethe_mg3_Rnative,0.5,0.05,insul-down,1.0000034134110368e-10,insulator,failed_branch,R_native_continuation,`gtol` termination condition is satisfied.,"residual above 3e-3 physical floor (recorded, not synthesized)",0.01062650317475606
square_mg3_bare,2.85,0.001,metal-up,0.015247011440306586,other,failed_branch,bare_native,`gtol` termination condition is satisfied.,"residual above 3e-3 physical floor (recorded, not synthesized)",0.003215314858558894
square_mg3_bare,2.85,0.001,metal-up,0.015247011440306485,other,failed_branch,R_converted_from_bare,deterministic_forward_map,"residual above 3e-3 physical floor (recorded, not synthesized)",0.0032153148585590905
square_mg3_bare,2.85,0.001,metal-up,0.015247011440306485,other,failed_branch,R_reoptimized_from_bare,`gtol` termination condition is satisfied.,"residual above 3e-3 physical floor (recorded, not synthesized)",0.0032153148585590905
square_mg3_bare,2.9,0.001,metal-up,0.01425136674530482,other,failed_branch,bare_native,`gtol` termination condition is satisfied.,"residual above 3e-3 physical floor (recorded, not synthesized)",0.004074143788308631
square_mg3_bare,2.9,0.001,metal-up,0.014251366745304576,other,failed_branch,R_converted_from_bare,deterministic_forward_map,"residual above 3e-3 physical floor (recorded, not synthesized)",0.004074143788309494
square_mg3_bare,2.9,0.001,metal-up,0.0142527263711173,other,failed_branch,R_reoptimized_from_bare,`gtol` termination condition is satisfied.,"residual above 3e-3 physical floor (recorded, not synthesized)",0.004073617243589722
square_mg3_bare,2.95,0.001,metal-up,0.013409427117277314,other,failed_branch,bare_native,`gtol` termination condition is satisfied.,"residual above 3e-3 physical floor (recorded, not synthesized)",0.004854891288809499
square_mg3_bare,2.95,0.001,metal-up,0.01340942711727766,other,failed_branch,R_converted_from_bare,deterministic_forward_map,"residual above 3e-3 physical floor (recorded, not synthesized)",0.004854891288810476
square_mg3_bare,2.95,0.001,metal-up,0.01340942711727766,other,failed_branch,R_reoptimized_from_bare,`gtol` termination condition is satisfied.,"residual above 3e-3 physical floor (recorded, not synthesized)",0.004854891288810476
square_mg3_bare,3.0,0.001,metal-up,0.012677722206598598,other,failed_branch,bare_native,`gtol` termination condition is satisfied.,"residual above 3e-3 physical floor (recorded, not synthesized)",0.0055649044120759765
square_mg3_bare,3.0,0.001,metal-up,0.012677722206598572,other,failed_branch,R_converted_from_bare,deterministic_forward_map,"residual above 3e-3 physical floor (recorded, not synthesized)",0.005564904412075666
square_mg3_bare,3.0,0.001,metal-up,0.012678424330990201,other,failed_branch,R_reoptimized_from_bare,`gtol` termination condition is satisfied.,"residual above 3e-3 physical floor (recorded, not synthesized)",0.005564467897471919
square_mg3_bare,3.05,0.001,metal-up,0.012026220344721117,other,failed_branch,bare_native,`gtol` termination condition is satisfied.,"residual above 3e-3 physical floor (recorded, not synthesized)",0.006210657736988084
square_mg3_bare,3.05,0.001,metal-up,0.012026220344721119,other,failed_branch,R_converted_from_bare,deterministic_forward_map,"residual above 3e-3 physical floor (recorded, not synthesized)",0.0062106577369876285
square_mg3_bare,3.05,0.001,metal-up,0.012026220344721119,other,failed_branch,R_reoptimized_from_bare,`gtol` termination condition is satisfied.,"residual above 3e-3 physical floor (recorded, not synthesized)",0.0062106577369876285
square_mg3_bare,0.9,0.001,insul-down,6.408596910667218e-12,insulator,failed_branch,bare_native,`gtol` termination condition is satisfied.,"residual above 3e-3 physical floor (recorded, not synthesized)",0.005362361050324078
square_mg3_bare,0.9,0.001,insul-down,1.0000000827394563e-10,insulator,failed_branch,R_converted_from_bare,deterministic_forward_map,"residual above 3e-3 physical floor (recorded, not synthesized)",0.005362375718982946
square_mg3_bare,0.9,0.001,insul-down,1.0000034134153789e-10,insulator,failed_branch,R_reoptimized_from_bare,`gtol` termination condition is satisfied.,"residual above 3e-3 physical floor (recorded, not synthesized)",0.005362375724179496
square_mg3_bare,0.8,0.001,insul-down,7.212181447442562e-12,insulator,failed_branch,bare_native,`gtol` termination condition is satisfied.,"residual above 3e-3 physical floor (recorded, not synthesized)",0.00845587859366749
square_mg3_bare,0.8,0.001,insul-down,1.0000000827372026e-10,insulator,failed_branch,R_converted_from_bare,deterministic_forward_map,"residual above 3e-3 physical floor (recorded, not synthesized)",0.008455889590873632
square_mg3_bare,0.8,0.001,insul-down,1.0000034134064885e-10,insulator,failed_branch,R_reoptimized_from_bare,`gtol` termination condition is satisfied.,"residual above 3e-3 physical floor (recorded, not synthesized)",0.008455889590816706
square_mg3_bare,2.8,0.002,metal-up,0.02832857574807082,metal,failed_branch,bare_native,`gtol` termination condition is satisfied.,"residual above 3e-3 physical floor (recorded, not synthesized)",0.0040863397298858215
square_mg3_bare,2.8,0.002,metal-up,0.028328575748070683,metal,failed_branch,R_converted_from_bare,deterministic_forward_map,"residual above 3e-3 physical floor (recorded, not synthesized)",0.00408633972988731
square_mg3_bare,2.8,0.002,metal-up,0.028333497219071198,metal,failed_branch,R_reoptimized_from_bare,`gtol` termination condition is satisfied.,"residual above 3e-3 physical floor (recorded, not synthesized)",0.0040858350327567195
square_mg3_bare,2.85,0.002,metal-up,0.02746051060763806,metal,failed_branch,bare_native,`gtol` termination condition is satisfied.,"residual above 3e-3 physical floor (recorded, not synthesized)",0.005144604009968169
square_mg3_bare,2.85,0.002,metal-up,0.027460510607638215,metal,failed_branch,R_converted_from_bare,deterministic_forward_map,"residual above 3e-3 physical floor (recorded, not synthesized)",0.0051446040099681675
square_mg3_bare,2.85,0.002,metal-up,0.027460510607638215,metal,failed_branch,R_reoptimized_from_bare,`gtol` termination condition is satisfied.,"residual above 3e-3 physical floor (recorded, not synthesized)",0.0051446040099681675
square_mg3_bare,2.9,0.002,metal-up,0.02673806569909604,metal,failed_branch,bare_native,`gtol` termination condition is satisfied.,"residual above 3e-3 physical floor (recorded, not synthesized)",0.006096569978583679
square_mg3_bare,2.9,0.002,metal-up,0.026738065699095866,metal,failed_branch,R_converted_from_bare,deterministic_forward_map,"residual above 3e-3 physical floor (recorded, not synthesized)",0.006096569978584792
square_mg3_bare,2.9,0.002,metal-up,0.026738065699095866,metal,failed_branch,R_reoptimized_from_bare,`gtol` termination condition is satisfied.,"residual above 3e-3 physical floor (recorded, not synthesized)",0.006096569978584792
square_mg3_bare,2.95,0.002,metal-up,0.026244709700251004,metal,failed_branch,bare_native,`gtol` termination condition is satisfied.,"residual above 3e-3 physical floor (recorded, not synthesized)",0.006944129445867586
square_mg3_bare,2.95,0.002,metal-up,0.026244709700250935,metal,failed_branch,R_converted_from_bare,deterministic_forward_map,"residual above 3e-3 physical floor (recorded, not synthesized)",0.006944129445868017
square_mg3_bare,2.95,0.002,metal-up,0.026244709700250935,metal,failed_branch,R_reoptimized_from_bare,`gtol` termination condition is satisfied.,"residual above 3e-3 physical floor (recorded, not synthesized)",0.006944129445868017
square_mg3_bare,3.0,0.002,metal-up,0.02641711553747863,metal,failed_branch,bare_native,`gtol` termination condition is satisfied.,"residual above 3e-3 physical floor (recorded, not synthesized)",0.007676516651678386
square_mg3_bare,3.0,0.002,metal-up,0.026417115537478945,metal,failed_branch,R_converted_from_bare,deterministic_forward_map,"residual above 3e-3 physical floor (recorded, not synthesized)",0.007676516651676772
square_mg3_bare,3.0,0.002,metal-up,0.026417115537478945,metal,failed_branch,R_reoptimized_from_bare,`gtol` termination condition is satisfied.,"residual above 3e-3 physical floor (recorded, not synthesized)",0.007676516651676772
square_mg3_bare,0.9,0.002,insul-down,6.4085584154800836e-12,insulator,failed_branch,bare_native,`gtol` termination condition is satisfied.,"residual above 3e-3 physical floor (recorded, not synthesized)",0.005362361064808333
square_mg3_bare,0.9,0.002,insul-down,1.000000082737177e-10,insulator,failed_branch,R_converted_from_bare,deterministic_forward_map,"residual above 3e-3 physical floor (recorded, not synthesized)",0.005362375733343226
square_mg3_bare,0.9,0.002,insul-down,1.0000034134061617e-10,insulator,failed_branch,R_reoptimized_from_bare,`gtol` termination condition is satisfied.,"residual above 3e-3 physical floor (recorded, not synthesized)",0.005362375732100941
square_mg3_bare,0.8,0.002,insul-down,7.212055345755446e-12,insulator,failed_branch,bare_native,`gtol` termination condition is satisfied.,"residual above 3e-3 physical floor (recorded, not synthesized)",0.008455878691069485
square_mg3_bare,0.8,0.002,insul-down,1.0000000827395925e-10,insulator,failed_branch,R_converted_from_bare,deterministic_forward_map,"residual above 3e-3 physical floor (recorded, not synthesized)",0.008455889688007999
square_mg3_bare,0.8,0.002,insul-down,1.0000034134069584e-10,insulator,failed_branch,R_reoptimized_from_bare,`gtol` termination condition is satisfied.,"residual above 3e-3 physical floor (recorded, not synthesized)",0.008455889688433754
square_mg3_bare,0.7,0.002,insul-down,9.434006481439459e-11,insulator,failed_branch,bare_native,`gtol` termination condition is satisfied.,"residual above 3e-3 physical floor (recorded, not synthesized)",0.010780128520981924
square_mg3_bare,0.7,0.002,insul-down,1.0000000827432266e-10,insulator,failed_branch,R_converted_from_bare,deterministic_forward_map,"residual above 3e-3 physical floor (recorded, not synthesized)",0.010780135377737221
square_mg3_bare,0.7,0.002,insul-down,1.0000034134100358e-10,insulator,failed_branch,R_reoptimized_from_bare,`gtol` termination condition is satisfied.,"residual above 3e-3 physical floor (recorded, not synthesized)",0.010780135370169227
square_mg3_bare,2.7,0.003,metal-up,0.04074414531882409,metal,failed_branch,bare_native,`gtol` termination condition is satisfied.,"residual above 3e-3 physical floor (recorded, not synthesized)",0.0031461038015915643
square_mg3_bare,2.7,0.003,metal-up,0.04074414531882375,metal,failed_branch,R_converted_from_bare,deterministic_forward_map,"residual above 3e-3 physical floor (recorded, not synthesized)",0.003146103801591097
square_mg3_bare,2.7,0.003,metal-up,0.04074414531882375,metal,failed_branch,R_reoptimized_from_bare,`gtol` termination condition is satisfied.,"residual above 3e-3 physical floor (recorded, not synthesized)",0.003146103801591097
square_mg3_bare,2.75,0.003,metal-up,0.04024566754963564,metal,failed_branch,bare_native,`gtol` termination condition is satisfied.,"residual above 3e-3 physical floor (recorded, not synthesized)",0.0044495692012252236
square_mg3_bare,2.75,0.003,metal-up,0.04024566754963533,metal,failed_branch,R_converted_from_bare,deterministic_forward_map,"residual above 3e-3 physical floor (recorded, not synthesized)",0.004449569201225207
square_mg3_bare,2.75,0.003,metal-up,0.040247747766651416,metal,failed_branch,R_reoptimized_from_bare,`gtol` termination condition is satisfied.,"residual above 3e-3 physical floor (recorded, not synthesized)",0.004449159742687207
square_mg3_bare,2.8,0.003,metal-up,0.03995206273966429,metal,failed_branch,bare_native,`gtol` termination condition is satisfied.,"residual above 3e-3 physical floor (recorded, not synthesized)",0.005613158652175233
square_mg3_bare,2.8,0.003,metal-up,0.03995206273966436,metal,failed_branch,R_converted_from_bare,deterministic_forward_map,"residual above 3e-3 physical floor (recorded, not synthesized)",0.005613158652175386
square_mg3_bare,2.8,0.003,metal-up,0.03994807660743281,metal,failed_branch,R_reoptimized_from_bare,`gtol` termination condition is satisfied.,"residual above 3e-3 physical floor (recorded, not synthesized)",0.005613142688077097
square_mg3_bare,2.85,0.003,metal-up,0.04006409694451563,metal,failed_branch,bare_native,`gtol` termination condition is satisfied.,"residual above 3e-3 physical floor (recorded, not synthesized)",0.0066333759349674936
square_mg3_bare,2.85,0.003,metal-up,0.040064096944515494,metal,failed_branch,R_converted_from_bare,deterministic_forward_map,"residual above 3e-3 physical floor (recorded, not synthesized)",0.006633375934967813
square_mg3_bare,2.85,0.003,metal-up,0.040064096944515494,metal,failed_branch,R_reoptimized_from_bare,`gtol` termination condition is satisfied.,"residual above 3e-3 physical floor (recorded, not synthesized)",0.006633375934967813
square_mg3_bare,0.9,0.003,insul-down,6.4084622251033536e-12,insulator,failed_branch,bare_native,`gtol` termination condition is satisfied.,"residual above 3e-3 physical floor (recorded, not synthesized)",0.00536237078486046
square_mg3_bare,0.9,0.003,insul-down,1.0000000827415107e-10,insulator,failed_branch,R_converted_from_bare,deterministic_forward_map,"residual above 3e-3 physical floor (recorded, not synthesized)",0.0053623854529980496
square_mg3_bare,0.9,0.003,insul-down,1.000003413408228e-10,insulator,failed_branch,R_reoptimized_from_bare,`gtol` termination condition is satisfied.,"residual above 3e-3 physical floor (recorded, not synthesized)",0.005362385451657278
square_mg3_bare,0.8,0.003,insul-down,7.210414208965598e-12,insulator,failed_branch,bare_native,`gtol` termination condition is satisfied.,"residual above 3e-3 physical floor (recorded, not synthesized)",0.008455917318885441
square_mg3_bare,0.8,0.003,insul-down,1.000000082743567e-10,insulator,failed_branch,R_converted_from_bare,deterministic_forward_map,"residual above 3e-3 physical floor (recorded, not synthesized)",0.00845592831213533
square_mg3_bare,0.8,0.003,insul-down,1.0000034134102706e-10,insulator,failed_branch,R_reoptimized_from_bare,`gtol` termination condition is satisfied.,"residual above 3e-3 physical floor (recorded, not synthesized)",0.008455928311698778
square_mg3_bare,0.7,0.003,insul-down,1.8787971161187748e-11,insulator,failed_branch,bare_native,`gtol` termination condition is satisfied.,"residual above 3e-3 physical floor (recorded, not synthesized)",0.011431141846713164
square_mg3_bare,0.7,0.003,insul-down,1.0000000827443605e-10,insulator,failed_branch,R_converted_from_bare,deterministic_forward_map,"residual above 3e-3 physical floor (recorded, not synthesized)",0.011431168297428322
square_mg3_bare,0.7,0.003,insul-down,1.0000034134078796e-10,insulator,failed_branch,R_reoptimized_from_bare,`gtol` termination condition is satisfied.,"residual above 3e-3 physical floor (recorded, not synthesized)",0.011431168295933254
square_mg3_bare,0.6,0.003,insul-down,5.1555365346224854e-11,insulator,failed_branch,bare_native,`gtol` termination condition is satisfied.,"residual above 3e-3 physical floor (recorded, not synthesized)",0.013190658918601147
square_mg3_bare,0.6,0.003,insul-down,1.0000000827407741e-10,insulator,failed_branch,R_converted_from_bare,deterministic_forward_map,"residual above 3e-3 physical floor (recorded, not synthesized)",0.01319068744024514
square_mg3_bare,0.6,0.003,insul-down,1.0000034134112003e-10,insulator,failed_branch,R_reoptimized_from_bare,`gtol` termination condition is satisfied.,"residual above 3e-3 physical floor (recorded, not synthesized)",0.013190687439984737
square_mg3_bare,2.65,0.004,metal-up,0.0507496597821305,metal,failed_branch,bare_native,`gtol` termination condition is satisfied.,"residual above 3e-3 physical floor (recorded, not synthesized)",0.0031198070802634244
square_mg3_bare,2.65,0.004,metal-up,0.05074965978213042,metal,failed_branch,R_converted_from_bare,deterministic_forward_map,"residual above 3e-3 physical floor (recorded, not synthesized)",0.003119807080264027
square_mg3_bare,2.65,0.004,metal-up,0.05074965978213042,metal,failed_branch,R_reoptimized_from_bare,`gtol` termination condition is satisfied.,"residual above 3e-3 physical floor (recorded, not synthesized)",0.003119807080264027
square_mg3_bare,2.7,0.004,metal-up,0.050972486689161205,metal,failed_branch,bare_native,`gtol` termination condition is satisfied.,"residual above 3e-3 physical floor (recorded, not synthesized)",0.004525029282345285
square_mg3_bare,2.7,0.004,metal-up,0.05097248668916088,metal,failed_branch,R_converted_from_bare,deterministic_forward_map,"residual above 3e-3 physical floor (recorded, not synthesized)",0.004525029282346157
square_mg3_bare,2.7,0.004,metal-up,0.05097248668916088,metal,failed_branch,R_reoptimized_from_bare,`gtol` termination condition is satisfied.,"residual above 3e-3 physical floor (recorded, not synthesized)",0.004525029282346157
square_mg3_bare,2.75,0.004,metal-up,0.05155885642431905,metal,failed_branch,bare_native,`gtol` termination condition is satisfied.,"residual above 3e-3 physical floor (recorded, not synthesized)",0.0057625527917796095
square_mg3_bare,2.75,0.004,metal-up,0.051558856424318775,metal,failed_branch,R_converted_from_bare,deterministic_forward_map,"residual above 3e-3 physical floor (recorded, not synthesized)",0.005762552791779571
square_mg3_bare,2.75,0.004,metal-up,0.051558856424318775,metal,failed_branch,R_reoptimized_from_bare,`gtol` termination condition is satisfied.,"residual above 3e-3 physical floor (recorded, not synthesized)",0.005762552791779571
square_mg3_bare,2.8,0.004,metal-up,0.05319047626251305,metal,failed_branch,bare_native,`gtol` termination condition is satisfied.,"residual above 3e-3 physical floor (recorded, not synthesized)",0.006814157197118298
square_mg3_bare,2.8,0.004,metal-up,0.05319047626251285,metal,failed_branch,R_converted_from_bare,deterministic_forward_map,"residual above 3e-3 physical floor (recorded, not synthesized)",0.006814157197118933
square_mg3_bare,2.8,0.004,metal-up,0.05320181836063497,metal,failed_branch,R_reoptimized_from_bare,`gtol` termination condition is satisfied.,"residual above 3e-3 physical floor (recorded, not synthesized)",0.006813903996810381
square_mg3_bare,0.9,0.004,insul-down,6.4020158912028395e-12,insulator,failed_branch,bare_native,`gtol` termination condition is satisfied.,"residual above 3e-3 physical floor (recorded, not synthesized)",0.005362654596029635
square_mg3_bare,0.9,0.004,insul-down,1.0000000827430526e-10,insulator,failed_branch,R_converted_from_bare,deterministic_forward_map,"residual above 3e-3 physical floor (recorded, not synthesized)",0.0053626692409329815
square_mg3_bare,0.9,0.004,insul-down,1.0000034134132042e-10,insulator,failed_branch,R_reoptimized_from_bare,`gtol` termination condition is satisfied.,"residual above 3e-3 physical floor (recorded, not synthesized)",0.00536266906065772
square_mg3_bare,0.8,0.004,insul-down,7.182900385039772e-12,insulator,failed_branch,bare_native,`gtol` termination condition is satisfied.,"residual above 3e-3 physical floor (recorded, not synthesized)",0.008456700503717895
square_mg3_bare,0.8,0.004,insul-down,1.0000000827367389e-10,insulator,failed_branch,R_converted_from_bare,deterministic_forward_map,"residual above 3e-3 physical floor (recorded, not synthesized)",0.008456711434580107
square_mg3_bare,0.8,0.004,insul-down,1.0000034134103722e-10,insulator,failed_branch,R_reoptimized_from_bare,`gtol` termination condition is satisfied.,"residual above 3e-3 physical floor (recorded, not synthesized)",0.008456711434302891
square_mg3_bare,0.7,0.004,insul-down,1.1143473877151264e-11,insulator,failed_branch,bare_native,`gtol` termination condition is satisfied.,"residual above 3e-3 physical floor (recorded, not synthesized)",0.011461468572972236
square_mg3_bare,0.7,0.004,insul-down,1.0000000827400798e-10,insulator,failed_branch,R_converted_from_bare,deterministic_forward_map,"residual above 3e-3 physical floor (recorded, not synthesized)",0.011461482953349792
square_mg3_bare,0.7,0.004,insul-down,1.0000034134046205e-10,insulator,failed_branch,R_reoptimized_from_bare,`gtol` termination condition is satisfied.,"residual above 3e-3 physical floor (recorded, not synthesized)",0.011461482953143556
square_mg3_bare,0.6,0.004,insul-down,2.7821638721671124e-11,insulator,failed_branch,bare_native,`gtol` termination condition is satisfied.,"residual above 3e-3 physical floor (recorded, not synthesized)",0.013863926761902335
square_mg3_bare,0.6,0.004,insul-down,1.0000000827403033e-10,insulator,failed_branch,R_converted_from_bare,deterministic_forward_map,"residual above 3e-3 physical floor (recorded, not synthesized)",0.013863951667012328
square_mg3_bare,0.6,0.004,insul-down,1.0000034134068753e-10,insulator,failed_branch,R_reoptimized_from_bare,`gtol` termination condition is satisfied.,"residual above 3e-3 physical floor (recorded, not synthesized)",0.013863951666622675
square_mg3_bare,0.5,0.004,insul-down,3.864266586608724e-11,insulator,failed_branch,bare_native,`gtol` termination condition is satisfied.,"residual above 3e-3 physical floor (recorded, not synthesized)",0.015872803623589882
square_mg3_bare,0.5,0.004,insul-down,1.0000000827457805e-10,insulator,failed_branch,R_converted_from_bare,deterministic_forward_map,"residual above 3e-3 physical floor (recorded, not synthesized)",0.015872823906415503
square_mg3_bare,0.5,0.004,insul-down,1.0000034134118195e-10,insulator,failed_branch,R_reoptimized_from_bare,`gtol` termination condition is satisfied.,"residual above 3e-3 physical floor (recorded, not synthesized)",0.015872823906262393
square_mg3_bare,2.65,0.005,metal-up,0.06022604494063359,metal,failed_branch,bare_native,`gtol` termination condition is satisfied.,"residual above 3e-3 physical floor (recorded, not synthesized)",0.00440150248115801
square_mg3_bare,2.65,0.005,metal-up,0.060226044940633335,metal,failed_branch,R_converted_from_bare,deterministic_forward_map,"residual above 3e-3 physical floor (recorded, not synthesized)",0.004401502481158872
square_mg3_bare,2.65,0.005,metal-up,0.060226044940633335,metal,failed_branch,R_reoptimized_from_bare,`gtol` termination condition is satisfied.,"residual above 3e-3 physical floor (recorded, not synthesized)",0.004401502481158872
square_mg3_bare,2.7,0.005,metal-up,0.06191786319673229,metal,failed_branch,bare_native,`gtol` termination condition is satisfied.,"residual above 3e-3 physical floor (recorded, not synthesized)",0.0057121167404403555
square_mg3_bare,2.7,0.005,metal-up,0.06191786319673233,metal,failed_branch,R_converted_from_bare,deterministic_forward_map,"residual above 3e-3 physical floor (recorded, not synthesized)",0.0057121167404401395
square_mg3_bare,2.7,0.005,metal-up,0.0619277546107033,metal,failed_branch,R_reoptimized_from_bare,`gtol` termination condition is satisfied.,"residual above 3e-3 physical floor (recorded, not synthesized)",0.005710438348462852
square_mg3_bare,2.75,0.005,metal-up,0.06548175864601564,metal,failed_branch,bare_native,`gtol` termination condition is satisfied.,"residual above 3e-3 physical floor (recorded, not synthesized)",0.00679528972151382
square_mg3_bare,2.75,0.005,metal-up,0.06548175864601558,metal,failed_branch,R_converted_from_bare,deterministic_forward_map,"residual above 3e-3 physical floor (recorded, not synthesized)",0.006795289721513617
square_mg3_bare,2.75,0.005,metal-up,0.06548175864601558,metal,failed_branch,R_reoptimized_from_bare,`gtol` termination condition is satisfied.,"residual above 3e-3 physical floor (recorded, not synthesized)",0.006795289721513617
square_mg3_bare,0.9,0.005,insul-down,6.368189457763084e-12,insulator,failed_branch,bare_native,`gtol` termination condition is satisfied.,"residual above 3e-3 physical floor (recorded, not synthesized)",0.005364693284228844
square_mg3_bare,0.9,0.005,insul-down,1.0000000827380835e-10,insulator,failed_branch,R_converted_from_bare,deterministic_forward_map,"residual above 3e-3 physical floor (recorded, not synthesized)",0.00536470780344055
square_mg3_bare,0.9,0.005,insul-down,1.0000034134080793e-10,insulator,failed_branch,R_reoptimized_from_bare,`gtol` termination condition is satisfied.,"residual above 3e-3 physical floor (recorded, not synthesized)",0.005364707829713702
square_mg3_bare,0.8,0.005,insul-down,7.0709425575797015e-12,insulator,failed_branch,bare_native,`gtol` termination condition is satisfied.,"residual above 3e-3 physical floor (recorded, not synthesized)",0.00846103506202939
square_mg3_bare,0.8,0.005,insul-down,1.0000000827401574e-10,insulator,failed_branch,R_converted_from_bare,deterministic_forward_map,"residual above 3e-3 physical floor (recorded, not synthesized)",0.008461045735431489
square_mg3_bare,0.8,0.005,insul-down,1.0000034134107257e-10,insulator,failed_branch,R_reoptimized_from_bare,`gtol` termination condition is satisfied.,"residual above 3e-3 physical floor (recorded, not synthesized)",0.00846104573514264
square_mg3_bare,0.7,0.005,insul-down,9.494866665305128e-12,insulator,failed_branch,bare_native,`gtol` termination condition is satisfied.,"residual above 3e-3 physical floor (recorded, not synthesized)",0.011491747797389764
square_mg3_bare,0.7,0.005,insul-down,1.0000000827363623e-10,insulator,failed_branch,R_converted_from_bare,deterministic_forward_map,"residual above 3e-3 physical floor (recorded, not synthesized)",0.011491759407814101
square_mg3_bare,0.7,0.005,insul-down,1.0000034134093575e-10,insulator,failed_branch,R_reoptimized_from_bare,`gtol` termination condition is satisfied.,"residual above 3e-3 physical floor (recorded, not synthesized)",0.011491759406856093
square_mg3_bare,0.6,0.005,insul-down,1.746639533388048e-11,insulator,failed_branch,bare_native,`gtol` termination condition is satisfied.,"residual above 3e-3 physical floor (recorded, not synthesized)",0.01421889179194813
square_mg3_bare,0.6,0.005,insul-down,1.0000000827374301e-10,insulator,failed_branch,R_converted_from_bare,deterministic_forward_map,"residual above 3e-3 physical floor (recorded, not synthesized)",0.014218909052940423
square_mg3_bare,0.6,0.005,insul-down,1.0000034134104021e-10,insulator,failed_branch,R_reoptimized_from_bare,`gtol` termination condition is satisfied.,"residual above 3e-3 physical floor (recorded, not synthesized)",0.01421890905291296
square_mg3_bare,0.5,0.005,insul-down,2.3530085484471373e-11,insulator,failed_branch,bare_native,`gtol` termination condition is satisfied.,"residual above 3e-3 physical floor (recorded, not synthesized)",0.0166106569567964
square_mg3_bare,0.5,0.005,insul-down,1.0000000827422362e-10,insulator,failed_branch,R_converted_from_bare,deterministic_forward_map,"residual above 3e-3 physical floor (recorded, not synthesized)",0.01661067361230875
square_mg3_bare,0.5,0.005,insul-down,1.0000034134103689e-10,insulator,failed_branch,R_reoptimized_from_bare,`gtol` termination condition is satisfied.,"residual above 3e-3 physical floor (recorded, not synthesized)",0.016610673612492494
square_mg3_bare,2.6,0.006,metal-up,0.06738784805467303,metal,failed_branch,bare_native,`gtol` termination condition is satisfied.,"residual above 3e-3 physical floor (recorded, not synthesized)",0.004116291925457221
square_mg3_bare,2.6,0.006,metal-up,0.06738784805467281,metal,failed_branch,R_converted_from_bare,deterministic_forward_map,"residual above 3e-3 physical floor (recorded, not synthesized)",0.00411629192545717
square_mg3_bare,2.6,0.006,metal-up,0.06738784805467281,metal,failed_branch,R_reoptimized_from_bare,`gtol` termination condition is satisfied.,"residual above 3e-3 physical floor (recorded, not synthesized)",0.00411629192545717
square_mg3_bare,2.65,0.006,metal-up,0.0705318190619365,metal,failed_branch,bare_native,`gtol` termination condition is satisfied.,"residual above 3e-3 physical floor (recorded, not synthesized)",0.0055149108484926586
square_mg3_bare,2.65,0.006,metal-up,0.07053181906193616,metal,failed_branch,R_converted_from_bare,deterministic_forward_map,"residual above 3e-3 physical floor (recorded, not synthesized)",0.005514910848492831
square_mg3_bare,2.65,0.006,metal-up,0.07053181906193616,metal,failed_branch,R_reoptimized_from_bare,`gtol` termination condition is satisfied.,"residual above 3e-3 physical floor (recorded, not synthesized)",0.005514910848492831
square_mg3_bare,2.7,0.006,metal-up,0.07589525495981027,metal,failed_branch,bare_native,`gtol` termination condition is satisfied.,"residual above 3e-3 physical floor (recorded, not synthesized)",0.0066555741013803685
square_mg3_bare,2.7,0.006,metal-up,0.07589525495980953,metal,failed_branch,R_converted_from_bare,deterministic_forward_map,"residual above 3e-3 physical floor (recorded, not synthesized)",0.0066555741013805065
square_mg3_bare,2.7,0.006,metal-up,0.07589525495980953,metal,failed_branch,R_reoptimized_from_bare,`gtol` termination condition is satisfied.,"residual above 3e-3 physical floor (recorded, not synthesized)",0.0066555741013805065
square_mg3_bare,0.9,0.006,insul-down,6.27802599359789e-12,insulator,failed_branch,bare_native,`gtol` termination condition is satisfied.,"residual above 3e-3 physical floor (recorded, not synthesized)",0.0053716485342646695
square_mg3_bare,0.9,0.006,insul-down,1.0000000827444485e-10,insulator,failed_branch,R_converted_from_bare,deterministic_forward_map,"residual above 3e-3 physical floor (recorded, not synthesized)",0.00537166271150618
square_mg3_bare,0.9,0.006,insul-down,1.000003413406227e-10,insulator,failed_branch,R_reoptimized_from_bare,`gtol` termination condition is satisfied.,"residual above 3e-3 physical floor (recorded, not synthesized)",0.0053716625006604264
square_mg3_bare,0.8,0.006,insul-down,6.849236267077436e-12,insulator,failed_branch,bare_native,`gtol` termination condition is satisfied.,"residual above 3e-3 physical floor (recorded, not synthesized)",0.008472981140161616
square_mg3_bare,0.8,0.006,insul-down,1.0000000827379457e-10,insulator,failed_branch,R_converted_from_bare,deterministic_forward_map,"residual above 3e-3 physical floor (recorded, not synthesized)",0.008472991298695862
square_mg3_bare,0.8,0.006,insul-down,1.000003413408422e-10,insulator,failed_branch,R_reoptimized_from_bare,`gtol` termination condition is satisfied.,"residual above 3e-3 physical floor (recorded, not synthesized)",0.008472991284756945
square_mg3_bare,0.7,0.006,insul-down,8.37596122149597e-12,insulator,failed_branch,bare_native,`gtol` termination condition is satisfied.,"residual above 3e-3 physical floor (recorded, not synthesized)",0.011529926970948763
square_mg3_bare,0.7,0.006,insul-down,1.0000000827377063e-10,insulator,failed_branch,R_converted_from_bare,deterministic_forward_map,"residual above 3e-3 physical floor (recorded, not synthesized)",0.011529936712170077
square_mg3_bare,0.7,0.006,insul-down,1.0000034134032128e-10,insulator,failed_branch,R_reoptimized_from_bare,`gtol` termination condition is satisfied.,"residual above 3e-3 physical floor (recorded, not synthesized)",0.011529936712192842
square_mg3_bare,0.6,0.006,insul-down,1.2459679851018065e-11,insulator,failed_branch,bare_native,`gtol` termination condition is satisfied.,"residual above 3e-3 physical floor (recorded, not synthesized)",0.014427744964415278
square_mg3_bare,0.6,0.006,insul-down,1.0000000827365131e-10,insulator,failed_branch,R_converted_from_bare,deterministic_forward_map,"residual above 3e-3 physical floor (recorded, not synthesized)",0.014427757022476242
square_mg3_bare,0.6,0.006,insul-down,1.0000034134056119e-10,insulator,failed_branch,R_reoptimized_from_bare,`gtol` termination condition is satisfied.,"residual above 3e-3 physical floor (recorded, not synthesized)",0.014427757022465293
square_mg3_bare,0.5,0.006,insul-down,1.6535011049569684e-11,insulator,failed_branch,bare_native,`gtol` termination condition is satisfied.,"residual above 3e-3 physical floor (recorded, not synthesized)",0.01710059684097757
square_mg3_bare,0.5,0.006,insul-down,1.0000000827392812e-10,insulator,failed_branch,R_converted_from_bare,deterministic_forward_map,"residual above 3e-3 physical floor (recorded, not synthesized)",0.017100609262469035
square_mg3_bare,0.5,0.006,insul-down,1.0000034134052131e-10,insulator,failed_branch,R_reoptimized_from_bare,`gtol` termination condition is satisfied.,"residual above 3e-3 physical floor (recorded, not synthesized)",0.017100609262534275
square_mg3_bare,0.9,0.008,insul-down,5.927611482481803e-12,insulator,failed_branch,bare_native,`gtol` termination condition is satisfied.,"residual above 3e-3 physical floor (recorded, not synthesized)",0.005412781355043726
square_mg3_bare,0.9,0.008,insul-down,1.0000000827388357e-10,insulator,failed_branch,R_converted_from_bare,deterministic_forward_map,"residual above 3e-3 physical floor (recorded, not synthesized)",0.005412794170738136
square_mg3_bare,0.9,0.008,insul-down,1.0000034134129905e-10,insulator,failed_branch,R_reoptimized_from_bare,`gtol` termination condition is satisfied.,"residual above 3e-3 physical floor (recorded, not synthesized)",0.005412794032001878
square_mg3_bare,0.8,0.008,insul-down,6.2185148220442085e-12,insulator,failed_branch,bare_native,`gtol` termination condition is satisfied.,"residual above 3e-3 physical floor (recorded, not synthesized)",0.00852823999617719
square_mg3_bare,0.8,0.008,insul-down,1.0000000827399566e-10,insulator,failed_branch,R_converted_from_bare,deterministic_forward_map,"residual above 3e-3 physical floor (recorded, not synthesized)",0.008528248690493337
square_mg3_bare,0.8,0.008,insul-down,1.0000034134102369e-10,insulator,failed_branch,R_reoptimized_from_bare,`gtol` termination condition is satisfied.,"residual above 3e-3 physical floor (recorded, not synthesized)",0.008528248690511405
square_mg3_bare,0.7,0.008,insul-down,6.811630820584889e-12,insulator,failed_branch,bare_native,`gtol` termination condition is satisfied.,"residual above 3e-3 physical floor (recorded, not synthesized)",0.011627906873808037
square_mg3_bare,0.7,0.008,insul-down,1.0000000827417112e-10,insulator,failed_branch,R_converted_from_bare,deterministic_forward_map,"residual above 3e-3 physical floor (recorded, not synthesized)",0.011627914062574003
square_mg3_bare,0.7,0.008,insul-down,1.0000034134146042e-10,insulator,failed_branch,R_reoptimized_from_bare,`gtol` termination condition is satisfied.,"residual above 3e-3 physical floor (recorded, not synthesized)",0.011627914061553193
square_mg3_bare,0.6,0.008,insul-down,8.042424340170736e-12,insulator,failed_branch,bare_native,`gtol` termination condition is satisfied.,"residual above 3e-3 physical floor (recorded, not synthesized)",0.01468685749062204
square_mg3_bare,0.6,0.008,insul-down,1.0000000827419817e-10,insulator,failed_branch,R_converted_from_bare,deterministic_forward_map,"residual above 3e-3 physical floor (recorded, not synthesized)",0.01468686443745812
square_mg3_bare,0.6,0.008,insul-down,1.0000034134136676e-10,insulator,failed_branch,R_reoptimized_from_bare,`gtol` termination condition is satisfied.,"residual above 3e-3 physical floor (recorded, not synthesized)",0.014686864437956677
square_mg3_bare,0.5,0.008,insul-down,9.604204170587879e-12,insulator,failed_branch,bare_native,`gtol` termination condition is satisfied.,"residual above 3e-3 physical floor (recorded, not synthesized)",0.017687785415714145
square_mg3_bare,0.5,0.008,insul-down,1.0000000827435794e-10,insulator,failed_branch,R_converted_from_bare,deterministic_forward_map,"residual above 3e-3 physical floor (recorded, not synthesized)",0.017687792332444892
square_mg3_bare,0.5,0.008,insul-down,1.000003413403403e-10,insulator,failed_branch,R_reoptimized_from_bare,`gtol` termination condition is satisfied.,"residual above 3e-3 physical floor (recorded, not synthesized)",0.017687792332467943
square_mg3_bare,0.9,0.01,insul-down,5.4689639967762676e-12,insulator,failed_branch,bare_native,`gtol` termination condition is satisfied.,"residual above 3e-3 physical floor (recorded, not synthesized)",0.005497294303701036
square_mg3_bare,0.9,0.01,insul-down,1.0000000827411579e-10,insulator,failed_branch,R_converted_from_bare,deterministic_forward_map,"residual above 3e-3 physical floor (recorded, not synthesized)",0.005497305329826358
square_mg3_bare,0.9,0.01,insul-down,1.0000034134053454e-10,insulator,failed_branch,R_reoptimized_from_bare,`gtol` termination condition is satisfied.,"residual above 3e-3 physical floor (recorded, not synthesized)",0.005497304904914195
square_mg3_bare,0.8,0.01,insul-down,5.5619900503210146e-12,insulator,failed_branch,bare_native,`gtol` termination condition is satisfied.,"residual above 3e-3 physical floor (recorded, not synthesized)",0.008623722103935501
square_mg3_bare,0.8,0.01,insul-down,1.0000000827398473e-10,insulator,failed_branch,R_converted_from_bare,deterministic_forward_map,"residual above 3e-3 physical floor (recorded, not synthesized)",0.008623729307079457
square_mg3_bare,0.8,0.01,insul-down,1.0000034134124678e-10,insulator,failed_branch,R_reoptimized_from_bare,`gtol` termination condition is satisfied.,"residual above 3e-3 physical floor (recorded, not synthesized)",0.008623729306939677
square_mg3_bare,0.7,0.01,insul-down,5.722185118908999e-12,insulator,failed_branch,bare_native,`gtol` termination condition is satisfied.,"residual above 3e-3 physical floor (recorded, not synthesized)",0.011747843441297487
square_mg3_bare,0.7,0.01,insul-down,1.0000000827377195e-10,insulator,failed_branch,R_converted_from_bare,deterministic_forward_map,"residual above 3e-3 physical floor (recorded, not synthesized)",0.011747848937221434
square_mg3_bare,0.7,0.01,insul-down,1.0000034134098384e-10,insulator,failed_branch,R_reoptimized_from_bare,`gtol` termination condition is satisfied.,"residual above 3e-3 physical floor (recorded, not synthesized)",0.011747848937048446
square_mg3_bare,0.6,0.01,insul-down,5.9815896600689796e-12,insulator,failed_branch,bare_native,`gtol` termination condition is satisfied.,"residual above 3e-3 physical floor (recorded, not synthesized)",0.014869440755863956
square_mg3_bare,0.6,0.01,insul-down,1.0000000827360964e-10,insulator,failed_branch,R_converted_from_bare,deterministic_forward_map,"residual above 3e-3 physical floor (recorded, not synthesized)",0.014869445353606453
square_mg3_bare,0.6,0.01,insul-down,1.0000034134095379e-10,insulator,failed_branch,R_reoptimized_from_bare,`gtol` termination condition is satisfied.,"residual above 3e-3 physical floor (recorded, not synthesized)",0.014869445353699887
square_mg3_bare,0.5,0.01,insul-down,6.235536482436701e-12,insulator,failed_branch,bare_native,`gtol` termination condition is satisfied.,"residual above 3e-3 physical floor (recorded, not synthesized)",0.018000581219747586
square_mg3_bare,0.5,0.01,insul-down,1.0000000827432285e-10,insulator,failed_branch,R_converted_from_bare,deterministic_forward_map,"residual above 3e-3 physical floor (recorded, not synthesized)",0.01800058522047974
square_mg3_bare,0.5,0.01,insul-down,1.0000034134098526e-10,insulator,failed_branch,R_reoptimized_from_bare,`gtol` termination condition is satisfied.,"residual above 3e-3 physical floor (recorded, not synthesized)",0.01800058522047338
square_mg3_bare,0.9,0.015,insul-down,4.397753061366971e-12,insulator,failed_branch,bare_native,`gtol` termination condition is satisfied.,"residual above 3e-3 physical floor (recorded, not synthesized)",0.005859517133809548
square_mg3_bare,0.9,0.015,insul-down,1.0000000827359124e-10,insulator,failed_branch,R_converted_from_bare,deterministic_forward_map,"residual above 3e-3 physical floor (recorded, not synthesized)",0.005859524201038628
square_mg3_bare,0.9,0.015,insul-down,2.928427056402324e-09,insulator,failed_branch,R_reoptimized_from_bare,`gtol` termination condition is satisfied.,"residual above 3e-3 physical floor (recorded, not synthesized)",0.005859733283742201
square_mg3_bare,0.8,0.015,insul-down,4.241321134249898e-12,insulator,failed_branch,bare_native,`gtol` termination condition is satisfied.,"residual above 3e-3 physical floor (recorded, not synthesized)",0.008980656837338192
square_mg3_bare,0.8,0.015,insul-down,1.0000000827460377e-10,insulator,failed_branch,R_converted_from_bare,deterministic_forward_map,"residual above 3e-3 physical floor (recorded, not synthesized)",0.00898066127428508
square_mg3_bare,0.8,0.015,insul-down,1.000003413406672e-10,insulator,failed_branch,R_reoptimized_from_bare,`gtol` termination condition is satisfied.,"residual above 3e-3 physical floor (recorded, not synthesized)",0.00898066127476596
square_mg3_bare,0.7,0.015,insul-down,3.984822374919847e-12,insulator,failed_branch,bare_native,`gtol` termination condition is satisfied.,"residual above 3e-3 physical floor (recorded, not synthesized)",0.012098194338557902
square_mg3_bare,0.7,0.015,insul-down,1.0000000827349037e-10,insulator,failed_branch,R_converted_from_bare,deterministic_forward_map,"residual above 3e-3 physical floor (recorded, not synthesized)",0.012098197402801878
square_mg3_bare,0.7,0.015,insul-down,2.9284270564024378e-09,insulator,failed_branch,R_reoptimized_from_bare,`gtol` termination condition is satisfied.,"residual above 3e-3 physical floor (recorded, not synthesized)",0.012098287671666149
square_mg3_bare,0.6,0.015,insul-down,3.457400305627348e-12,insulator,failed_branch,bare_native,`gtol` termination condition is satisfied.,"residual above 3e-3 physical floor (recorded, not synthesized)",0.015198414920380059
square_mg3_bare,0.6,0.015,insul-down,1.000000082732953e-10,insulator,failed_branch,R_converted_from_bare,deterministic_forward_map,"residual above 3e-3 physical floor (recorded, not synthesized)",0.015198416953598151
square_mg3_bare,0.6,0.015,insul-down,1.0000034134076118e-10,insulator,failed_branch,R_reoptimized_from_bare,`gtol` termination condition is satisfied.,"residual above 3e-3 physical floor (recorded, not synthesized)",0.015198416953600122
square_mg3_bare,0.5,0.015,insul-down,1.620612920636665e-12,insulator,failed_branch,bare_native,`gtol` termination condition is satisfied.,"residual above 3e-3 physical floor (recorded, not synthesized)",0.01783073117173789
square_mg3_bare,0.5,0.015,insul-down,1.000000082743765e-10,insulator,failed_branch,R_converted_from_bare,deterministic_forward_map,"residual above 3e-3 physical floor (recorded, not synthesized)",0.01783073171263343
square_mg3_bare,0.5,0.015,insul-down,5.511086031983275e-10,insulator,failed_branch,R_reoptimized_from_bare,`gtol` termination condition is satisfied.,"residual above 3e-3 physical floor (recorded, not synthesized)",0.01783073419285723
square_mg3_bare,1.0,0.02,insul-down,3.774953989870496e-12,insulator,failed_branch,bare_native,`gtol` termination condition is satisfied.,"residual above 3e-3 physical floor (recorded, not synthesized)",0.003255912176100032
square_mg3_bare,1.0,0.02,insul-down,1.0000000827411076e-10,insulator,failed_branch,R_converted_from_bare,deterministic_forward_map,"residual above 3e-3 physical floor (recorded, not synthesized)",0.0032559213945892434
square_mg3_bare,1.0,0.02,insul-down,2.928427056405917e-09,insulator,failed_branch,R_reoptimized_from_bare,`gtol` termination condition is satisfied.,"residual above 3e-3 physical floor (recorded, not synthesized)",0.0032561923500261983
square_mg3_bare,0.9,0.02,insul-down,3.588793879972295e-12,insulator,failed_branch,bare_native,`gtol` termination condition is satisfied.,"residual above 3e-3 physical floor (recorded, not synthesized)",0.006344701817009504
square_mg3_bare,0.9,0.02,insul-down,1.0000000827373144e-10,insulator,failed_branch,R_converted_from_bare,deterministic_forward_map,"residual above 3e-3 physical floor (recorded, not synthesized)",0.006344706335352914
square_mg3_bare,0.9,0.02,insul-down,1.0000034134112269e-10,insulator,failed_branch,R_reoptimized_from_bare,`gtol` termination condition is satisfied.,"residual above 3e-3 physical floor (recorded, not synthesized)",0.006344706365481521
square_mg3_bare,0.8,0.02,insul-down,3.326119705432127e-12,insulator,failed_branch,bare_native,`gtol` termination condition is satisfied.,"residual above 3e-3 physical floor (recorded, not synthesized)",0.009421517706879792
square_mg3_bare,0.8,0.02,insul-down,1.0000000827397356e-10,insulator,failed_branch,R_converted_from_bare,deterministic_forward_map,"residual above 3e-3 physical floor (recorded, not synthesized)",0.00942152052274526
square_mg3_bare,0.8,0.02,insul-down,5.612642572934181e-10,insulator,failed_branch,R_reoptimized_from_bare,`gtol` termination condition is satisfied.,"residual above 3e-3 physical floor (recorded, not synthesized)",0.009421533974537369
square_mg3_bare,0.7,0.02,insul-down,2.9261728662825227e-12,insulator,failed_branch,bare_native,`gtol` termination condition is satisfied.,"residual above 3e-3 physical floor (recorded, not synthesized)",0.012463087614563146
square_mg3_bare,0.7,0.02,insul-down,1.0000000827348072e-10,insulator,failed_branch,R_converted_from_bare,deterministic_forward_map,"residual above 3e-3 physical floor (recorded, not synthesized)",0.012463089447991068
square_mg3_bare,0.7,0.02,insul-down,2.9284270564037253e-09,insulator,failed_branch,R_reoptimized_from_bare,`gtol` termination condition is satisfied.,"residual above 3e-3 physical floor (recorded, not synthesized)",0.012463142870820083
square_mg3_bare,0.6,0.02,insul-down,1.6102441977865113e-12,insulator,failed_branch,bare_native,`gtol` termination condition is satisfied.,"residual above 3e-3 physical floor (recorded, not synthesized)",0.015339429534607145
square_mg3_bare,0.6,0.02,insul-down,1.0000000827395231e-10,insulator,failed_branch,R_converted_from_bare,deterministic_forward_map,"residual above 3e-3 physical floor (recorded, not synthesized)",0.015339430150481694
square_mg3_bare,0.6,0.02,insul-down,5.527540647422652e-10,insulator,failed_branch,R_reoptimized_from_bare,`gtol` termination condition is satisfied.,"residual above 3e-3 physical floor (recorded, not synthesized)",0.015339432981148838
square_mg3_bare,0.5,0.02,insul-down,1.6189844179387626e-12,insulator,failed_branch,bare_native,`gtol` termination condition is satisfied.,"residual above 3e-3 physical floor (recorded, not synthesized)",0.017867253138522755
square_mg3_bare,0.5,0.02,insul-down,1.0000000827336982e-10,insulator,failed_branch,R_converted_from_bare,deterministic_forward_map,"residual above 3e-3 physical floor (recorded, not synthesized)",0.0178672536752593
square_mg3_bare,0.5,0.02,insul-down,5.512285072841142e-10,insulator,failed_branch,R_reoptimized_from_bare,`gtol` termination condition is satisfied.,"residual above 3e-3 physical floor (recorded, not synthesized)",0.017867256137021833
square_mg3_Rnative,2.85,0.001,metal-up,0.0152460456722513,other,failed_branch,R_native_continuation,`gtol` termination condition is satisfied.,"residual above 3e-3 physical floor (recorded, not synthesized)",0.0032158250698219805
square_mg3_Rnative,2.9,0.001,metal-up,0.014246676576601617,other,failed_branch,R_native_continuation,The maximum number of function evaluations is exceeded.,"residual above 3e-3 physical floor (recorded, not synthesized)",0.0040756362440999075
square_mg3_Rnative,2.95,0.001,metal-up,0.013404314028987447,other,failed_branch,R_native_continuation,The maximum number of function evaluations is exceeded.,"residual above 3e-3 physical floor (recorded, not synthesized)",0.004857275956580972
square_mg3_Rnative,3.0,0.001,metal-up,0.012671329959394018,other,failed_branch,R_native_continuation,The maximum number of function evaluations is exceeded.,"residual above 3e-3 physical floor (recorded, not synthesized)",0.005569022994024652
square_mg3_Rnative,3.05,0.001,metal-up,0.01201167703604622,other,failed_branch,R_native_continuation,The maximum number of function evaluations is exceeded.,"residual above 3e-3 physical floor (recorded, not synthesized)",0.006216626674949235
square_mg3_Rnative,3.1,0.001,metal-up,0.01142839300831622,other,failed_branch,R_native_continuation,The maximum number of function evaluations is exceeded.,"residual above 3e-3 physical floor (recorded, not synthesized)",0.006800001724952281
square_mg3_Rnative,3.15,0.001,metal-up,0.010894373684493084,other,failed_branch,R_native_continuation,The maximum number of function evaluations is exceeded.,"residual above 3e-3 physical floor (recorded, not synthesized)",0.007331323268328632
square_mg3_Rnative,3.2,0.001,metal-up,0.010427308605631787,other,failed_branch,R_native_continuation,`gtol` termination condition is satisfied.,"residual above 3e-3 physical floor (recorded, not synthesized)",0.007810372967064364
square_mg3_Rnative,0.9,0.001,insul-down,1.0000034134107501e-10,insulator,failed_branch,R_native_continuation,`gtol` termination condition is satisfied.,"residual above 3e-3 physical floor (recorded, not synthesized)",0.005362375744482968
square_mg3_Rnative,0.8,0.001,insul-down,1.0000034134111275e-10,insulator,failed_branch,R_native_continuation,`gtol` termination condition is satisfied.,"residual above 3e-3 physical floor (recorded, not synthesized)",0.008455889590671882
square_mg3_Rnative,2.8,0.002,metal-up,0.028323939794883127,metal,failed_branch,R_native_continuation,The maximum number of function evaluations is exceeded.,"residual above 3e-3 physical floor (recorded, not synthesized)",0.004087673013034298
square_mg3_Rnative,2.85,0.002,metal-up,0.02744565788883912,metal,failed_branch,R_native_continuation,The maximum number of function evaluations is exceeded.,"residual above 3e-3 physical floor (recorded, not synthesized)",0.005148216494692078
square_mg3_Rnative,2.9,0.002,metal-up,0.02673250655821622,metal,failed_branch,R_native_continuation,The maximum number of function evaluations is exceeded.,"residual above 3e-3 physical floor (recorded, not synthesized)",0.006097588769826171
square_mg3_Rnative,2.95,0.002,metal-up,0.026248223582898907,metal,failed_branch,R_native_continuation,`gtol` termination condition is satisfied.,"residual above 3e-3 physical floor (recorded, not synthesized)",0.006944332329300701
square_mg3_Rnative,3.0,0.002,metal-up,0.026419846807818177,metal,failed_branch,R_native_continuation,`gtol` termination condition is satisfied.,"residual above 3e-3 physical floor (recorded, not synthesized)",0.007676548630471093
square_mg3_Rnative,0.9,0.002,insul-down,1.0000034134090075e-10,insulator,failed_branch,R_native_continuation,`gtol` termination condition is satisfied.,"residual above 3e-3 physical floor (recorded, not synthesized)",0.005362375852693027
square_mg3_Rnative,0.8,0.002,insul-down,1.0000034134081206e-10,insulator,failed_branch,R_native_continuation,`gtol` termination condition is satisfied.,"residual above 3e-3 physical floor (recorded, not synthesized)",0.008455889688358673
square_mg3_Rnative,0.7,0.002,insul-down,1.0000034134126012e-10,insulator,failed_branch,R_native_continuation,`gtol` termination condition is satisfied.,"residual above 3e-3 physical floor (recorded, not synthesized)",0.010780135370569125
square_mg3_Rnative,2.7,0.003,metal-up,0.04075110011205142,metal,failed_branch,R_native_continuation,The maximum number of function evaluations is exceeded.,"residual above 3e-3 physical floor (recorded, not synthesized)",0.0031472848246272434
square_mg3_Rnative,2.75,0.003,metal-up,0.04024254323081009,metal,failed_branch,R_native_continuation,`gtol` termination condition is satisfied.,"residual above 3e-3 physical floor (recorded, not synthesized)",0.004450256758168043
square_mg3_Rnative,2.8,0.003,metal-up,0.03995359388900421,metal,failed_branch,R_native_continuation,`gtol` termination condition is satisfied.,"residual above 3e-3 physical floor (recorded, not synthesized)",0.005613252803736272
square_mg3_Rnative,2.85,0.003,metal-up,0.04006128128489513,metal,failed_branch,R_native_continuation,`gtol` termination condition is satisfied.,"residual above 3e-3 physical floor (recorded, not synthesized)",0.0066339532544866815
square_mg3_Rnative,0.9,0.003,insul-down,1.0000034134102646e-10,insulator,failed_branch,R_native_continuation,`gtol` termination condition is satisfied.,"residual above 3e-3 physical floor (recorded, not synthesized)",0.0053623854718080274
square_mg3_Rnative,0.8,0.003,insul-down,1.0000034134103177e-10,insulator,failed_branch,R_native_continuation,`gtol` termination condition is satisfied.,"residual above 3e-3 physical floor (recorded, not synthesized)",0.0084559283151168
square_mg3_Rnative,0.7,0.003,insul-down,1.0000034134074494e-10,insulator,failed_branch,R_native_continuation,`gtol` termination condition is satisfied.,"residual above 3e-3 physical floor (recorded, not synthesized)",0.011431168296340593
square_mg3_Rnative,0.6,0.003,insul-down,1.0000034134118299e-10,insulator,failed_branch,R_native_continuation,`gtol` termination condition is satisfied.,"residual above 3e-3 physical floor (recorded, not synthesized)",0.013190687439905742
square_mg3_Rnative,2.65,0.004,metal-up,0.05068210422100038,metal,failed_branch,R_native_continuation,The maximum number of function evaluations is exceeded.,"residual above 3e-3 physical floor (recorded, not synthesized)",0.003122162831749033
square_mg3_Rnative,2.7,0.004,metal-up,0.050959606956241355,metal,failed_branch,R_native_continuation,The maximum number of function evaluations is exceeded.,"residual above 3e-3 physical floor (recorded, not synthesized)",0.004527587067170663
square_mg3_Rnative,2.75,0.004,metal-up,0.05151572345525877,metal,failed_branch,R_native_continuation,The maximum number of function evaluations is exceeded.,"residual above 3e-3 physical floor (recorded, not synthesized)",0.005763561870334786
square_mg3_Rnative,2.8,0.004,metal-up,0.05318925288978801,metal,failed_branch,R_native_continuation,`gtol` termination condition is satisfied.,"residual above 3e-3 physical floor (recorded, not synthesized)",0.00681487185119791
square_mg3_Rnative,0.9,0.004,insul-down,1.0000034134067149e-10,insulator,failed_branch,R_native_continuation,`gtol` termination condition is satisfied.,"residual above 3e-3 physical floor (recorded, not synthesized)",0.00536266910546374
square_mg3_Rnative,0.8,0.004,insul-down,1.0000034134079839e-10,insulator,failed_branch,R_native_continuation,`gtol` termination condition is satisfied.,"residual above 3e-3 physical floor (recorded, not synthesized)",0.008456711617942116
square_mg3_Rnative,0.7,0.004,insul-down,1.0000034134084388e-10,insulator,failed_branch,R_native_continuation,`gtol` termination condition is satisfied.,"residual above 3e-3 physical floor (recorded, not synthesized)",0.01146148295412029
square_mg3_Rnative,0.6,0.004,insul-down,1.0000034134112052e-10,insulator,failed_branch,R_native_continuation,`gtol` termination condition is satisfied.,"residual above 3e-3 physical floor (recorded, not synthesized)",0.013863951666636698
square_mg3_Rnative,0.5,0.004,insul-down,1.000003413412633e-10,insulator,failed_branch,R_native_continuation,`gtol` termination condition is satisfied.,"residual above 3e-3 physical floor (recorded, not synthesized)",0.01587282390625976
square_mg3_Rnative,2.65,0.005,metal-up,0.060219130636357525,metal,failed_branch,R_native_continuation,The maximum number of function evaluations is exceeded.,"residual above 3e-3 physical floor (recorded, not synthesized)",0.004404434890552413
square_mg3_Rnative,2.7,0.005,metal-up,0.06190280054049704,metal,failed_branch,R_native_continuation,The maximum number of function evaluations is exceeded.,"residual above 3e-3 physical floor (recorded, not synthesized)",0.0057121606907246875
square_mg3_Rnative,2.75,0.005,metal-up,0.06548212085045615,metal,failed_branch,R_native_continuation,`gtol` termination condition is satisfied.,"residual above 3e-3 physical floor (recorded, not synthesized)",0.006796209482270253
square_mg3_Rnative,0.9,0.005,insul-down,1.000003413403071e-10,insulator,failed_branch,R_native_continuation,`gtol` termination condition is satisfied.,"residual above 3e-3 physical floor (recorded, not synthesized)",0.005364707870874621
square_mg3_Rnative,0.8,0.005,insul-down,1.0000034134105384e-10,insulator,failed_branch,R_native_continuation,`gtol` termination condition is satisfied.,"residual above 3e-3 physical floor (recorded, not synthesized)",0.00846104573371965
square_mg3_Rnative,0.7,0.005,insul-down,1.0000034134086978e-10,insulator,failed_branch,R_native_continuation,`gtol` termination condition is satisfied.,"residual above 3e-3 physical floor (recorded, not synthesized)",0.011491759406865313
square_mg3_Rnative,0.6,0.005,insul-down,1.000003413412534e-10,insulator,failed_branch,R_native_continuation,`gtol` termination condition is satisfied.,"residual above 3e-3 physical floor (recorded, not synthesized)",0.014218909052985054
square_mg3_Rnative,0.5,0.005,insul-down,1.0000034134073508e-10,insulator,failed_branch,R_native_continuation,`gtol` termination condition is satisfied.,"residual above 3e-3 physical floor (recorded, not synthesized)",0.016610673612585287
square_mg3_Rnative,2.6,0.006,metal-up,0.06737561613785258,metal,failed_branch,R_native_continuation,`gtol` termination condition is satisfied.,"residual above 3e-3 physical floor (recorded, not synthesized)",0.004117749141968248
square_mg3_Rnative,2.65,0.006,metal-up,0.07052228839975627,metal,failed_branch,R_native_continuation,`gtol` termination condition is satisfied.,"residual above 3e-3 physical floor (recorded, not synthesized)",0.005515499248091854
square_mg3_Rnative,2.7,0.006,metal-up,0.07589070470052904,metal,failed_branch,R_native_continuation,`gtol` termination condition is satisfied.,"residual above 3e-3 physical floor (recorded, not synthesized)",0.006656153088924624
square_mg3_Rnative,0.9,0.006,insul-down,1.0000034134071232e-10,insulator,failed_branch,R_native_continuation,`gtol` termination condition is satisfied.,"residual above 3e-3 physical floor (recorded, not synthesized)",0.005371662620692831
square_mg3_Rnative,0.8,0.006,insul-down,1.000003413405187e-10,insulator,failed_branch,R_native_continuation,`gtol` termination condition is satisfied.,"residual above 3e-3 physical floor (recorded, not synthesized)",0.008472991294587296
square_mg3_Rnative,0.7,0.006,insul-down,1.0000034134072411e-10,insulator,failed_branch,R_native_continuation,`gtol` termination condition is satisfied.,"residual above 3e-3 physical floor (recorded, not synthesized)",0.011529936712628782
square_mg3_Rnative,0.6,0.006,insul-down,1.0000034134125266e-10,insulator,failed_branch,R_native_continuation,`gtol` termination condition is satisfied.,"residual above 3e-3 physical floor (recorded, not synthesized)",0.014427757022474366
square_mg3_Rnative,0.5,0.006,insul-down,1.0000034134121999e-10,insulator,failed_branch,R_native_continuation,`gtol` termination condition is satisfied.,"residual above 3e-3 physical floor (recorded, not synthesized)",0.017100609263018138
square_mg3_Rnative,0.9,0.008,insul-down,1.0000034134078018e-10,insulator,failed_branch,R_native_continuation,`gtol` termination condition is satisfied.,"residual above 3e-3 physical floor (recorded, not synthesized)",0.005412794173894213
square_mg3_Rnative,0.8,0.008,insul-down,1.0000034134058142e-10,insulator,failed_branch,R_native_continuation,`gtol` termination condition is satisfied.,"residual above 3e-3 physical floor (recorded, not synthesized)",0.008528248690973642
square_mg3_Rnative,0.7,0.008,insul-down,1.0000034134112357e-10,insulator,failed_branch,R_native_continuation,`gtol` termination condition is satisfied.,"residual above 3e-3 physical floor (recorded, not synthesized)",0.011627914061463167
square_mg3_Rnative,0.6,0.008,insul-down,1.0000034134115553e-10,insulator,failed_branch,R_native_continuation,`gtol` termination condition is satisfied.,"residual above 3e-3 physical floor (recorded, not synthesized)",0.01468686443741844
square_mg3_Rnative,0.5,0.008,insul-down,1.0000034134038495e-10,insulator,failed_branch,R_native_continuation,`gtol` termination condition is satisfied.,"residual above 3e-3 physical floor (recorded, not synthesized)",0.017687792332466243
square_mg3_Rnative,0.9,0.01,insul-down,1.0000034134123462e-10,insulator,failed_branch,R_native_continuation,`gtol` termination condition is satisfied.,"residual above 3e-3 physical floor (recorded, not synthesized)",0.005497304980967668
square_mg3_Rnative,0.8,0.01,insul-down,1.0000034134081807e-10,insulator,failed_branch,R_native_continuation,`gtol` termination condition is satisfied.,"residual above 3e-3 physical floor (recorded, not synthesized)",0.008623729310980769
square_mg3_Rnative,0.7,0.01,insul-down,1.0000034134063866e-10,insulator,failed_branch,R_native_continuation,`gtol` termination condition is satisfied.,"residual above 3e-3 physical floor (recorded, not synthesized)",0.011747848936905537
square_mg3_Rnative,0.6,0.01,insul-down,1.0000034134049937e-10,insulator,failed_branch,R_native_continuation,`gtol` termination condition is satisfied.,"residual above 3e-3 physical floor (recorded, not synthesized)",0.014869445354900057
square_mg3_Rnative,0.5,0.01,insul-down,1.0000034134129548e-10,insulator,failed_branch,R_native_continuation,`gtol` termination condition is satisfied.,"residual above 3e-3 physical floor (recorded, not synthesized)",0.018000585221152846
square_mg3_Rnative,0.9,0.015,insul-down,1.0000034134102931e-10,insulator,failed_branch,R_native_continuation,`gtol` termination condition is satisfied.,"residual above 3e-3 physical floor (recorded, not synthesized)",0.005859505044728345
square_mg3_Rnative,0.8,0.015,insul-down,1.0000034134150088e-10,insulator,failed_branch,R_native_continuation,`gtol` termination condition is satisfied.,"residual above 3e-3 physical floor (recorded, not synthesized)",0.008980661274913832
square_mg3_Rnative,0.7,0.015,insul-down,1.0000034134051779e-10,insulator,failed_branch,R_native_continuation,`gtol` termination condition is satisfied.,"residual above 3e-3 physical floor (recorded, not synthesized)",0.012098197401631075
square_mg3_Rnative,0.6,0.015,insul-down,1.000003413407805e-10,insulator,failed_branch,R_native_continuation,`gtol` termination condition is satisfied.,"residual above 3e-3 physical floor (recorded, not synthesized)",0.015198416953644623
square_mg3_Rnative,0.5,0.015,insul-down,1.0000034134085668e-10,insulator,failed_branch,R_native_continuation,`gtol` termination condition is satisfied.,"residual above 3e-3 physical floor (recorded, not synthesized)",0.01783073172104566
square_mg3_Rnative,1.0,0.02,insul-down,1.0000034134068816e-10,insulator,failed_branch,R_native_continuation,`gtol` termination condition is satisfied.,"residual above 3e-3 physical floor (recorded, not synthesized)",0.0032559224363526923
square_mg3_Rnative,0.9,0.02,insul-down,1.0000034134072028e-10,insulator,failed_branch,R_native_continuation,`gtol` termination condition is satisfied.,"residual above 3e-3 physical floor (recorded, not synthesized)",0.006344706412773764
square_mg3_Rnative,0.8,0.02,insul-down,1.000003413409073e-10,insulator,failed_branch,R_native_continuation,`gtol` termination condition is satisfied.,"residual above 3e-3 physical floor (recorded, not synthesized)",0.009421520700220707
square_mg3_Rnative,0.7,0.02,insul-down,1.000003413410146e-10,insulator,failed_branch,R_native_continuation,`gtol` termination condition is satisfied.,"residual above 3e-3 physical floor (recorded, not synthesized)",0.012463089447105157
square_mg3_Rnative,0.6,0.02,insul-down,1.0000034134104809e-10,insulator,failed_branch,R_native_continuation,`gtol` termination condition is satisfied.,"residual above 3e-3 physical floor (recorded, not synthesized)",0.01533943019225653
square_mg3_Rnative,0.5,0.02,insul-down,1.0000034134123323e-10,insulator,failed_branch,R_native_continuation,`gtol` termination condition is satisfied.,"residual above 3e-3 physical floor (recorded, not synthesized)",0.017867253675258325
